{
  "hash": "a3d2aed8",
  "configHash": "e04e3724",
  "lockfileHash": "d62a12ad",
  "browserHash": "1ce6892f",
  "optimized": {
    "@angular/core": {
      "src": "../../../../../node_modules/@angular/core/fesm2022/core.mjs",
      "file": "@angular_core.js",
      "fileHash": "87c0f2c3",
      "needsInterop": false
    },
    "@angular/platform-browser": {
      "src": "../../../../../node_modules/@angular/platform-browser/fesm2022/platform-browser.mjs",
      "file": "@angular_platform-browser.js",
      "fileHash": "a80a83f1",
      "needsInterop": false
    },
    "@angular/router": {
      "src": "../../../../../node_modules/@angular/router/fesm2022/router.mjs",
      "file": "@angular_router.js",
      "fileHash": "c635ce3d",
      "needsInterop": false
    },
    "ng-zorro-antd/i18n": {
      "src": "../../../../../node_modules/ng-zorro-antd/fesm2022/ng-zorro-antd-i18n.mjs",
      "file": "ng-zorro-antd_i18n.js",
      "fileHash": "e78f49e5",
      "needsInterop": false
    },
    "@angular/common": {
      "src": "../../../../../node_modules/@angular/common/fesm2022/common.mjs",
      "file": "@angular_common.js",
      "fileHash": "d7980fd8",
      "needsInterop": false
    },
    "@angular/common/locales/zh": {
      "src": "../../../../../node_modules/@angular/common/locales/zh.mjs",
      "file": "@angular_common_locales_zh.js",
      "fileHash": "d6716503",
      "needsInterop": false
    },
    "@angular/forms": {
      "src": "../../../../../node_modules/@angular/forms/fesm2022/forms.mjs",
      "file": "@angular_forms.js",
      "fileHash": "65f3c921",
      "needsInterop": false
    },
    "@angular/common/http": {
      "src": "../../../../../node_modules/@angular/common/fesm2022/http.mjs",
      "file": "@angular_common_http.js",
      "fileHash": "263986e2",
      "needsInterop": false
    },
    "@angular/platform-browser/animations": {
      "src": "../../../../../node_modules/@angular/platform-browser/fesm2022/animations.mjs",
      "file": "@angular_platform-browser_animations.js",
      "fileHash": "085a99ee",
      "needsInterop": false
    },
    "ng-zorro-antd/menu": {
      "src": "../../../../../node_modules/ng-zorro-antd/fesm2022/ng-zorro-antd-menu.mjs",
      "file": "ng-zorro-antd_menu.js",
      "fileHash": "70913eca",
      "needsInterop": false
    }
  },
  "chunks": {
    "chunk-N4AAIXZJ": {
      "file": "chunk-N4AAIXZJ.js"
    },
    "chunk-WDKN5DOH": {
      "file": "chunk-WDKN5DOH.js"
    },
    "chunk-EORTHML3": {
      "file": "chunk-EORTHML3.js"
    },
    "chunk-2WKUTDWD": {
      "file": "chunk-2WKUTDWD.js"
    },
    "chunk-CEKBGOGA": {
      "file": "chunk-CEKBGOGA.js"
    },
    "chunk-PFGETJBS": {
      "file": "chunk-PFGETJBS.js"
    },
    "chunk-R56XHVEB": {
      "file": "chunk-R56XHVEB.js"
    },
    "chunk-J4B6MK7R": {
      "file": "chunk-J4B6MK7R.js"
    }
  }
}